insert into ingredients values
('Italian bread',500,'slices',20,2),
('garlic cloves',200,'',10,0.5),
('olive oil',500,'Tbsp',50,0),
('chopped clam meat',200,'cups',10,2),
('large ripe tomatoes', 200,'',15,0.5),
('Kosher salt',200,'',15,0.5),
('ground pepper',200,'',15,0),
('fresh basil leaves',500,'',20,0.5),
('vine-ripened tomatoes',200,'slices',20,0.5),
('balsamic vinegar',500,'Tbsp',20,0.5),
('oregano leaves',200,'',10,0.5),
('capellini pasta',200,'oz',15,3),
('medium tomatoes',200,'',10,0.5),
('salt and pepper',500,'',10,0),
('linguine pasta',100,'lb',10,2),
('red bell peppers',100,'cups',10,1),
('yellow bell peppers',100,'cups',10,1),
('plum tomatoes',100,'cups',10,1),
('Parmesan cheese',100,'cups',10,1),
('anchovy fillets',100,'cups',10,2),
('mussels',1,'oz',10,2),
('dry white wine',200,'cups',10,1),
('pine nuts',100,'cups',10,1),
('chopped parsley',100,'cups',10,0.5),
('pizza dough',200,'',10,2),
('tomato sauce',500,'Tbsp',20,1),
('mozzarella',500,'ounces',10,2),
('arugula',100,'handfuls',10,0.5),
('lemons',200,'',20,0.5),
('yellow onion',200,'cups',10,0.5),
('Arborio rice',200,'cups',10,2),
('chicken broth',200,'cups',20,1),
('saffron threads',100,'tsp',8,0.5),
('butter',200,'Tbsp',10,0.5),
('chili flakes',200,'pinch',15,1),
('sweet cream butter',100,'sticks',10,1),
('gnocchi',100,'lbs',10,2),
('small red onion',100,'',10,0.5),
('heavy cream',100,'cups',10,1),
('roasted corn kernels',100,'cups',10,1),
('large toasted croutons',100,'cups',10,1),

('mushrooms',100,'oz',10,1),
('pepperoni',100,'oz',10,1),
('sausage',100,'oz',10,1),
('prosciutto',100,'oz',10,1),

('rotini pasta',100,'lb',10,3.5),
('tripolini pasta',100,'lb',10,3),
('penne rigate pasta',100,'lb',10,2.5)
;


insert into dish values
('Clams Bruschetta',25,
'1. PRE-HEAT grill. Toast both sides of bread slices on the grill.
2. RUB cut side of garlic cloves on toasted bread to infuse with garlic flavor.
3. PLACE 1 tomato slice & 1 Tbsp clam meat on each slice of grilled bread. Arrange on large platter. Sprinkle with Kosher salt and freshly ground pepper, to taste. Drizzle with extra virgin olive oil.
4. SLICE arugula or basil leaves in thin strips and distribute over bruschetta. Serve immediately.',
'appetizer',null,7.5),

('Tomato & Mozzarella Caprese',25,
'1. ARRANGE sliced tomatoes on a large platter.
2. PLACE one basil leaf on top of each tomato slice.
3. PLACE one slice of mozzarella on top of each basil leaf.
4. SPRINKLE oregano, salt and black pepper on cheese and drizzle with extra-virgin olive oil. Finish with drizzle of balsamic vinegar.',
'appetizer',null,8),

('Capellini Pomodoro',20,
'1. COOK capellini pasta according to package directions.
2. MIX diced tomatoes, chopped basil, garlic and oil. Season with salt and pepper.
3. DRAIN pasta. Toss pasta with tomato mixture in a saute pan and heat throughout.
4. SERVE immediately.',
'main','pasta',12),

('Linguine with Mixed Sweet Peppers',30,
'1. PREHEAT heavy skillet over medium heat; add olive oil and saute garlic until just white. Add all ingredients (except pasta and Parmesan cheese) and saute, stirring constantly until peppers are crisp tender.
2. COOK pasta according to package directions.
3. ADD pasta and Parmesan cheese to saute pan; stir to blend well with vegetables. Add salt and fresh ground pepper to taste.
4. TRANSFER to large serving platter. Serve immediately.',
'main','pasta',10),

('Linguine with Anchovies and Mussels',60,
'1.HEAT olive oil in large skillet over low heat. Add garlic and anchovies. Stir and saute until garlic turns light golden brown and anchovies dissolve and turn to paste. Add mussels and white wine. Increase heat to medium. Cover and simmer until mussels open, stirring frequently.
2.COOK linguine according to package directions and drain. Mix pasta into skillet with sauce.
3.TRANSFER to large serving platter. Garnish with toasted pine nuts and parsley. Serve immediately.',
'main','pasta',15),

('Pizza Margherita',20,
'1. Place a pizza stone or tiles on the middle rack of your oven and turn heat to its highest setting. Let it heat for at least an hour.
2. Put the sauce in the center of the stretched dough and use the back of a spoon to spread it evenly across the surface, stopping approximately 1/2 inch from the edges.
3. Drizzle a little olive oil over the pie. Break the cheese into large pieces and place these gently on the sauce. Scatter basil leaves over the top.
4. Using a pizza peel, pick up the pie and slide it onto the heated stone or tiles in the oven. Bake until the crust is golden brown and the cheese is bubbling, approximately 4 to 8 minutes.',
'main','pizza',6),

('Green and White Pizza',30,
'1. Place a pizza stone or tiles on the middle rack of your oven and turn heat to its highest setting. Let it heat for at least an hour.
2. Break the mozzarella into small pieces and place them gently on the stretched dough. Drizzle lightly with olive oil and a pinch of salt and scatter the Parmesan over the top.
3. Using a pizza peel, pick up the pie and slide it onto the heated stone or tiles in the oven. Bake until the crust is golden brown and the cheese is bubbling, approximately 4 to 8 minutes.
4. Meanwhile, put the arugula in a large bowl and dress it lightly with a splash of the olive oil, the lemon juice and a further pinch of salt, or to taste.
5. When the pizza is done, put the dressed greens on top of the pie and serve immediately.',
'main','pizza',8),

('Risotto Milanese',45,
'HEAT oil, onions and saffron. Cook 3 minutes or until onions are soft.
KEEP broth warm in a separate pot. Add rice to the onions and stir for 2 minutes. Add white wine and let evaporate. Add the broth, about 1/2 cup at a time, stirring frequently. Wait until each addition is almost completely absorbed by the rice. Continue to add until all of the broth has been used. Turn off heat.
ADD butter and Parmesan cheese. Stir to combine with rice/risotto.
TRANSFER to large bowl and garnish with parsley. Serve immediately.',
'main','rice',9),

('Gnocchi with Spicy Tomato and Wine Sauce',45,
'1. SAUTE olive oil, garlic and chili flakes in a pan on medium heat until garlic turns a light golden brown. Add white wine and chicken broth and simmer about 10 minutes.
2. REDUCE wine and broth by half, add tomatoes and continue to simmer for 30 minutes.
3. PUREE half of the sauce in blender with butter and Parmesan cheese. Season to taste with salt and pepper. Remove sauce from blender and stir in with other half of sauce that was not pureed.
4. REMOVE gnocchi from boiling water, drain and mix with sauce.
5. SERVE gnocchi topped with Parmesan cheese and basil.',
'main','gnocchi',14),

('Cream of Tomato and Basil Soup',17,
'1. MELT butter in a heavy sauce pan. Add red onions and saute until tender, about 5 minutes. Add white wine and reduce by 3/4. Add tomatoes and heavy cream, bring to a simmer and reduce by 1/2.
2. PUREE soup in a food processor. Stir in 2 Tbsp chopped basil, salt and pepper.
3. GARNISH with remaining fresh basil and tomatoes and serve.',
'soup',null,7),

('Roasted Corn and Tomato Salad',15,
'1. CORE tomatoes and cut into 1/2" cubes.
2. COMBINE tomatoes, corn, diced onions, oil, vinegar, salt, basil and freshly ground pepper in a large bowl and toss gently to blend. Let sit for a few minutes.
3. ADD croutons and toss just before serving.',
'salad',null,8)
;


insert into materials values
('Clams Bruschetta','Italian bread',8,'slices'),
('Clams Bruschetta','garlic cloves',1,''),
('Clams Bruschetta','olive oil',0.5,'cup'),
('Clams Bruschetta','chopped clam meat',1,'cup'),
('Clams Bruschetta','large ripe tomatoes',4,''),
('Clams Bruschetta','Kosher salt',1,''),
('Clams Bruschetta','ground pepper',1,''),
('Clams Bruschetta','fresh basil leaves',12,''),

('Capellini Pomodoro','capellini pasta',14,'oz'),
('Capellini Pomodoro','medium tomatoes', 8, ''),
('Capellini Pomodoro','fresh basil leaves',11,''),
('Capellini Pomodoro','garlic cloves',2,''),
('Capellini Pomodoro','olive oil',6,'Tbsp'),
('Capellini Pomodoro','salt and pepper',1,''),

('Linguine with Mixed Sweet Peppers','linguine pasta',1,'lb'),
('Linguine with Mixed Sweet Peppers','red bell peppers',1,'cup'),
('Linguine with Mixed Sweet Peppers','yellow bell peppers',1,'cup'),
('Linguine with Mixed Sweet Peppers','plum tomatoes',1,'cup'),
('Linguine with Mixed Sweet Peppers','garlic cloves',4,''),
('Linguine with Mixed Sweet Peppers','fresh basil leaves',4,'Tbsp'),
('Linguine with Mixed Sweet Peppers','olive oil',3,'Tbsp'),
('Linguine with Mixed Sweet Peppers','Parmesan cheese',0.5,'cup'),

('Linguine with Anchovies and Mussels','linguine pasta',1,'lb'),
('Linguine with Anchovies and Mussels','olive oil',0.5,'cup'),
('Linguine with Anchovies and Mussels','garlic cloves',2,'Tbsp'),
('Linguine with Anchovies and Mussels','anchovy fillets',0.25,'cup'),
('Linguine with Anchovies and Mussels','mussels',2,'lbs'),
('Linguine with Anchovies and Mussels','dry white wine',1,'cup'),
('Linguine with Anchovies and Mussels','pine nuts',0.5,'cup'),
('Linguine with Anchovies and Mussels','chopped parsley',0.25,'cup'),

('Pizza Margherita','pizza dough',1,''),
('Pizza Margherita','tomato sauce',3,'Tbsp'),
('Pizza Margherita','olive oil',1,''),
('Pizza Margherita','mozzarella',2.75,'ounces'),
('Pizza Margherita','fresh basil leaves',4,''),

('Green and White Pizza','pizza dough',1,''),
('Green and White Pizza','mozzarella',2.75,'ounces'),
('Green and White Pizza','olive oil',1,''),
('Green and White Pizza','Kosher salt',1,''),
('Green and White Pizza','Parmesan cheese',0.5,'ounce'),
('Green and White Pizza','arugula',2,'handfuls'),
('Green and White Pizza','lemons',0.5,''),

('Tomato & Mozzarella Caprese','vine-ripened tomatoes',8,'slices'),
('Tomato & Mozzarella Caprese','balsamic vinegar',2,'Tbsp'),
('Tomato & Mozzarella Caprese','fresh basil leaves',2,''),
('Tomato & Mozzarella Caprese','mozzarella',12,'oz'),
('Tomato & Mozzarella Caprese','oregano leaves',1,''),
('Tomato & Mozzarella Caprese','Kosher salt',1,''),
('Tomato & Mozzarella Caprese','ground pepper',1,''),
('Tomato & Mozzarella Caprese','olive oil',2,'Tbsp'),

('Risotto Milanese','olive oil',0.25,'cup'),
('Risotto Milanese','yellow onion',0.5,''),
('Risotto Milanese','Arborio rice',1.5,'cups'),
('Risotto Milanese','dry white wine',0.5,'cup'),
('Risotto Milanese','chicken broth',5,'cups'),
('Risotto Milanese','saffron threads',0.5,'tsp'),
('Risotto Milanese','butter',2,'Tbsp'),
('Risotto Milanese','Parmesan cheese',0.5,'cup'),
('Risotto Milanese','salt and pepper',1,''),

('Gnocchi with Spicy Tomato and Wine Sauce','olive oil',2,'Tbsp'),
('Gnocchi with Spicy Tomato and Wine Sauce','garlic cloves',6,''),
('Gnocchi with Spicy Tomato and Wine Sauce','chili flakes',1,'pinch'),
('Gnocchi with Spicy Tomato and Wine Sauce','dry white wine',1,'cup'),
('Gnocchi with Spicy Tomato and Wine Sauce','chicken broth',1,'cup'),
('Gnocchi with Spicy Tomato and Wine Sauce','tomato sauce',29,'oz'),
('Gnocchi with Spicy Tomato and Wine Sauce','sweet cream butter',0.5,'stick'),
('Gnocchi with Spicy Tomato and Wine Sauce','Parmesan cheese',0.5,'cup'),
('Gnocchi with Spicy Tomato and Wine Sauce','salt and pepper',1,''),
('Gnocchi with Spicy Tomato and Wine Sauce','gnocchi',2,'lb'),

('Cream of Tomato and Basil Soup','butter',4,'Tbsp'),
('Cream of Tomato and Basil Soup','small red onion',1,''),
('Cream of Tomato and Basil Soup','dry white wine',2,'cups'),
('Cream of Tomato and Basil Soup','tomato sauce',12,'oz'),
('Cream of Tomato and Basil Soup','heavy cream',2,'cups'),
('Cream of Tomato and Basil Soup','fresh basil leaves',3,'Tbsp'),
('Cream of Tomato and Basil Soup','salt and pepper',1,''),

('Roasted Corn and Tomato Salad','vine-ripened tomatoes',6,''),
('Roasted Corn and Tomato Salad','roasted corn kernels',1.5,'cups'),
('Roasted Corn and Tomato Salad','small red onion',1,''),
('Roasted Corn and Tomato Salad','olive oil',6,'Tbsp'),
('Roasted Corn and Tomato Salad','balsamic vinegar',3,'Tbsp'),
('Roasted Corn and Tomato Salad','Kosher salt',0.5,'tsp'),
('Roasted Corn and Tomato Salad','fresh basil leaves',0.25,'cup'),
('Roasted Corn and Tomato Salad','ground pepper',1,''),
('Roasted Corn and Tomato Salad','large toasted croutons',1,'cup')
;


insert into dish_of_the_day values
('great',12,'Cream of Tomato and Basil Soup','Clams Bruschetta','Linguine with Mixed Sweet Peppers'),
('awesome',11,'Cream of Tomato and Basil Soup','Tomato & Mozzarella Caprese','Gnocchi with Spicy Tomato and Wine Sauce')
;


insert into drink values
('small water','water',500,1),
('big water','water',500,2),
('orangeade','refreshment',200,2),
('lemonade','refreshment',200,2),
('coca cola','refreshment',200,2),
('fresh orange juice','juice',200,2.5),
('orange juice','juice',200,1.5),
('peach juice','juice',200,1.5),
('dry red wine','wine',200,10),
('sweet red wine','wine',200,10),
('semi-sweet red wine','wine',200,10),
('white wine','wine',200,10),
('Birra Moretti','beer',200,5),
('Castello','beer',200,5),
('Forst Premium','beer',200,5),
('Ghisa','beer',200,5)
;


insert into employee values
(null,'Robert De Niro','waiter',3.5,'electrical engineering','Goodfellas',6,'2014-05-23'),
(null,'Al Pacino','waiter',3.5,'chemical engineering','The Godfather',5,'2013-01-25'),
(null,'Brad Pitt','waiter',3.5,'physics','Fight Club',3,'2014-07-06'),
(null,'Leonardo DiCaprio','waiter',3.5,'agricultural enterprises','Inception',3,'2010-07-06'),

(null,'Samuel L. Jackson','chef',4,'mechanical engineering','Pulp Fiction',6,'2014-12-01'),
(null,'Nicolas Cage','chef',4,'childhood education','Leaving Las Vegas',2,'2012-10-02'),
(null,'Morgan Freeman','chef',4,'ceid','The Shawshank Redemption',12,'2011-11-11'),
(null,'Bruce Willis','chef',4,'medicine','The Sixth Sense',9,'2015-05-23'),
(null,'Johnny Depp','chef',4,'architecture','Edward Scissorhands',16,'2008-02-14'),
(null,'Tom Cruise','chef',4,'philology','Top Gun',4,'2009-09-05'),

(null,'Christian Bale','cleaner',2,'business administration','The Dark Knight',8,'2005-10-20'),
(null,'Will Smith','cleaner',2,'mathematics','Men in Black',7,'2006-07-08'),
(null,'Keanu Reeves','cleaner',2,'philosophy','The Dark Knight',5,'2005-10-20'),
(null,'Arnold Schwarzenegger','cleaner',2,'philology','The Matrix',3,'2007-12-21'),

(null,'Jennifer Lawrence','cashier',2.5,'pharmacy','The Hunger Games',2,'2013-12-11'),
(null,'Emilia Clarke','cashier',2.5,'theatre studies','Game of Thrones',4,'2011-06-17'),

(null,'Cara Delevingne','tel_operator',2.5,'biology','Paper Towns',8,'2014-03-12'),
(null,'Emma Watson','tel_operator',2.5,'geology','Harry Potter',12,'2001-07-07'),

(null,'Charlize Theron','server',3,'economics','Mad Max: Fury Road',7,'2004-03-12'),
(null,'Kristen Stewart','server',3,'material science','Twilight',1,'2008-04-16'),
(null,'Scarlett Johansson','server',3,'chemical engineering','The Avengers',12,'2014-07-24'),
(null,'Megan Fox','server',3,'civil engineering','Transformers',9,'2002-09-14'),

(null,'Angelina Jolie','shift manager',5,'childhood education','Tomb Raider',10,'2010-10-02'),
(null,'Kostas Mavrikis','shift manager',5,'ceid','kos_maverik',1,'2015-08-30')
;


insert into work values
(1,2,5,6,7,11,12,15,17,19,20,23,'2015-09-01','day'),
(3,4,8,9,10,13,14,16,18,21,22,24,'2015-09-01','night'),

(1,2,5,6,7,11,12,15,17,19,20,23,'2015-09-02','day'),
(3,4,8,9,10,13,14,16,18,21,22,24,'2015-09-02','night')
;


insert into tables values
(null,'4','window'),
(null,'4','window'),
(null,'4','garden'),
(null,'8','patio'),
(null,'8','patio'),
(null,'8','garden'),
(null,'12','hall'),
(null,'12','hall')
;


insert into waiter values
('2015-09-01','day',1,1),
('2015-09-01','day',1,3),
('2015-09-01','day',1,5),
('2015-09-01','day',1,7),
('2015-09-01','day',2,2),
('2015-09-01','day',2,4),
('2015-09-01','day',2,6),
('2015-09-01','day',2,8),

('2015-09-01','night',3,1),
('2015-09-01','night',3,3),
('2015-09-01','night',3,5),
('2015-09-01','night',3,7),
('2015-09-01','night',4,2),
('2015-09-01','night',4,4),
('2015-09-01','night',4,6),
('2015-09-01','night',4,8),

('2015-09-02','day',1,1),
('2015-09-02','day',1,3),
('2015-09-02','day',1,5),
('2015-09-02','day',1,7),
('2015-09-02','day',2,2),
('2015-09-02','day',2,4),
('2015-09-02','day',2,6),
('2015-09-02','day',2,8),

('2015-09-02','night',3,1),
('2015-09-02','night',3,3),
('2015-09-02','night',3,5),
('2015-09-02','night',3,7),
('2015-09-02','night',4,2),
('2015-09-02','night',4,4),
('2015-09-02','night',4,6),
('2015-09-02','night',4,8)
;


insert into customer values
(null,'Rihanna',50,0),
(null,'David Guetta',150,0),
(null,'Shakira',197,0),
(null,'Pit Bull',5,20),
(null,'Taylor Swift',1,20),
(null,'Bruno Mars',125,0),
(null,'Katy Perry',189,0),
(null,'Justin Bieber',199,0),
(null,'Beyonce',2,20),
(null,'Justin Timberlake',148,0)
;


insert into coupon values
(null,1,'2014-10-08','2014-11-08','yes'),
(null,5,'2015-02-21','2015-03-21','yes'),
(null,3,'2015-04-14','2015-05-14','yes'),
(null,1,'2015-05-02','2015-06-02','no'),
(null,4,'2015-07-17','2015-08-17','no')
;


insert into order_dishes values
(1,1,'Clams Bruschetta',null,null),
(1,2,'Risotto Milanese',null,null),
(1,3,'Capellini Pomodoro',null,null),
(1,4,'Roasted Corn and Tomato Salad',null,null),

(2,1,'Cream of Tomato and Basil Soup',null,null),
(2,2,'Green and White Pizza',null,'4'),
(2,3,'Gnocchi with Spicy Tomato and Wine Sauce','rotini pasta',null),
(2,4,'Roasted Corn and Tomato Salad',null,null),

(4,1,'Tomato & Mozzarella Caprese',null,null),
(4,2,'Linguine with Mixed Sweet Peppers',null,null),
(4,3,'Roasted Corn and Tomato Salad',null,null),

(5,1,'Cream of Tomato and Basil Soup',null,null),
(5,2,'Risotto Milanese',null,null),
(5,3,'Roasted Corn and Tomato Salad',null,null),

(6,1,'Clams Bruschetta',null,null),
(6,2,'Gnocchi with Spicy Tomato and Wine Sauce',null,null),
(6,3,'Roasted Corn and Tomato Salad',null,null),

(7,1,'Tomato & Mozzarella Caprese',null,null),
(7,2,'Clams Bruschetta',null,null),
(7,3,'Green and White Pizza',null,'16'),
(7,4,'Gnocchi with Spicy Tomato and Wine Sauce',null,null),
(7,5,'Gnocchi with Spicy Tomato and Wine Sauce',null,null),
(7,6,'Risotto Milanese',null,null),
(7,7,'Roasted Corn and Tomato Salad',null,null),

(8,1,'Tomato & Mozzarella Caprese',null,null),
(8,2,'Clams Bruschetta',null,null),
(8,3,'Cream of Tomato and Basil Soup',null,null),
(8,4,'Pizza Margherita',null,'16'),
(8,5,'Pizza Margherita',null,'16'),
(8,6,'Green and White Pizza',null,'16'),
(8,7,'Green and White Pizza',null,'16'),
(8,8,'Roasted Corn and Tomato Salad',null,null),

(9,1,'Clams Bruschetta',null,null),
(9,2,'Capellini Pomodoro','penne rigate pasta',null),
(9,3,'Roasted Corn and Tomato Salad',null,null),

(12,1,'Clams Bruschetta',null,null),
(12,2,'Pizza Margherita',null,'8'),
(12,3,'Risotto Milanese',null,null),
(12,4,'Capellini Pomodoro','tripolini pasta',null),
(12,5,'Roasted Corn and Tomato Salad',null,null),

(13,1,'Clams Bruschetta',null,null),
(13,2,'Pizza Margherita',null,'8'),
(13,3,'Green and White Pizza',null,'8'),
(13,4,'Risotto Milanese',null,null),
(13,5,'Roasted Corn and Tomato Salad',null,null),

(14,1,'Tomato & Mozzarella Caprese',null,null),
(14,2,'Pizza Margherita',null,'8'),
(14,3,'Risotto Milanese',null,null),
(14,4,'Risotto Milanese',null,null),
(14,5,'Capellini Pomodoro','tripolini pasta',null),
(14,6,'Roasted Corn and Tomato Salad',null,null),

(15,1,'Clams Bruschetta',null,null),
(15,2,'Clams Bruschetta',null,null),
(15,3,'Tomato & Mozzarella Caprese',null,null),
(15,4,'Green and White Pizza',null,'16'),
(15,5,'Gnocchi with Spicy Tomato and Wine Sauce',null,null),
(15,6,'Gnocchi with Spicy Tomato and Wine Sauce',null,null),
(15,7,'Capellini Pomodoro',null,null),
(15,8,'Risotto Milanese',null,null),
(15,9,'Capellini Pomodoro','rotini pasta',null),
(15,10,'Roasted Corn and Tomato Salad',null,null),
(15,11,'Roasted Corn and Tomato Salad',null,null),

(16,1,'Clams Bruschetta',null,null),
(16,2,'Tomato & Mozzarella Caprese',null,null),
(16,3,'Tomato & Mozzarella Caprese',null,null),
(16,4,'Cream of Tomato and Basil Soup',null,null),
(16,5,'Pizza Margherita',null,'16'),
(16,6,'Green and White Pizza',null,'16'),
(16,7,'Gnocchi with Spicy Tomato and Wine Sauce',null,null),
(16,8,'Risotto Milanese',null,null),
(16,9,'Capellini Pomodoro','linguine pasta',null),
(16,10,'Capellini Pomodoro',null,null),
(16,11,'Roasted Corn and Tomato Salad',null,null)
;


insert into extra_ingredients values
(null,'mushrooms',2,2),
(null,'pepperoni',8,5),
(null,'sausage',8,6),
(null,'prosciutto',14,2),
(null,'pepperoni',16,5)
;


insert into without_ingredients values
(null,'arugula',7,3),
(null,'mozzarella',13,3),
(null,'Parmesan Cheese',16,6)
;


insert into order_dish_of_the_day values
(3,1,'great'),
(4,1,'awesome'),
(5,1,'great'),
(6,1,'awesome'),
(7,1,'great'),
(8,1,'awesome'),
(10,1,'great'),
(11,1,'awesome'),
(11,2,'great')
;

insert into order_drinks values
(1,1,'big water'),
(1,2,'Castello'),

(2,1,'big water'),
(2,2,'orangeade'),
(2,3,'coca cola'),

(3,1,'big water'),
(3,2,'lemonade'),
(3,3,'white wine'),

(4,1,'big water'),
(4,2,'Forst Premium'),
(4,3,'coca cola'),
(4,4,'lemonade'),

(5,1,'big water'),
(5,2,'coca cola'),
(5,3,'Ghisa'),
(5,4,'Ghisa'),

(6,1,'big water'),
(6,2,'Forst Premium'),
(6,3,'Forst Premium'),
(6,4,'coca cola'),
(6,5,'coca cola'),

(7,1,'big water'),
(7,2,'big water'),
(7,3,'coca cola'),
(7,4,'coca cola'),
(7,5,'Ghisa'),
(7,6,'Ghisa'),
(7,7,'Forst Premium'),
(7,8,'Forst Premium'),

(8,1,'big water'),
(8,2,'big water'),
(8,3,'dry red wine'),
(8,4,'semi-sweet red wine'),
(8,5,'Castello'),
(8,6,'Castello'),
(8,7,'Birra Moretti'),
(8,8,'coca cola'),

(9,1,'big water'),

(10,1,'big water'),

(11,1,'big water'),
(11,2,'fresh orange juice'),

(12,1,'big water'),
(12,2,'orange juice'),
(12,3,'peach juice'),

(13,1,'big water'),
(13,2,'fresh orange juice'),
(13,3,'fresh orange juice'),
(13,4,'peach juice'),

(14,1,'big water'),
(14,2,'coca cola'),
(14,3,'lemonade'),
(14,4,'orangeade'),

(15,1,'big water'),
(15,2,'big water'),
(15,3,'big water'),
(15,4,'dry red wine'),
(15,5,'sweet red wine'),
(15,6,'semi-sweet red wine'),
(15,7,'Forst Premium'),
(15,8,'Forst Premium'),
(15,9,'Forst Premium'),

(16,1,'big water'),
(16,2,'big water'),
(16,3,'big water'),
(16,4,'big water'),
(16,5,'semi-sweet red wine'),
(16,6,'semi-sweet red wine'),
(16,7,'semi-sweet red wine'),
(16,8,'semi-sweet red wine'),
(16,9,'semi-sweet red wine'),
(16,10,'coca cola'),
(16,11,'coca cola'),
(16,12,'coca cola')
;


insert into orders values
(null,'2015-09-01 12:57:52','day',5,1,1,1,0,'yes',0),
(null,'2015-09-01 13:32:16','day',6,2,2,2,0,'yes',0),
(null,'2015-09-01 14:08:34','day',7,1,3,3,0,'yes',0),
(null,'2015-09-01 15:40:41','day',5,2,4,4,0,'yes',0),
                                   
(null,'2015-09-01 19:22:39','night',8,3,5,5,0,'yes',0),
(null,'2015-09-01 20:30:54','night',9,4,6,1,1,'yes',0),
(null,'2015-09-01 21:34:21','night',10,3,7,2,0,'yes',0),
(null,'2015-09-01 22:41:30','night',8,4,8,6,0,'yes',0),
                                   
(null,'2015-09-02 12:36:24','day',5,1,1,8,0,'yes',0),
(null,'2015-09-02 13:32:14','day',6,2,2,9,0,'yes',0),
(null,'2015-09-02 14:07:41','day',7,1,3,5,0,'yes',0),
(null,'2015-09-02 15:23:19','day',5,2,4,7,0,'yes',0),
                            
(null,'2015-09-02 19:45:01','night',8,3,5,5,0,'yes',0),
(null,'2015-09-02 20:00:23','night',9,4,6,9,0,'yes',0),
(null,'2015-09-02 21:24:41','night',10,3,7,10,0,'yes',0),
(null,'2015-09-02 22:44:59','night',8,4,8,4,0,'yes',0)
;
